[


  {"city":"Bangalore",     "country":"India",   "fileName":"Bangalore.jpg",    "date":"2017-11-08", "description":"Bangalore, or Bengaluru, is the capital of the India state of Karnataka.", "code":"BLR"},
  {"city":"Dublin",        "country":"Ireland", "fileName":"Dublin.jpg",       "date":"2018-11-21", "description":"Dublin is the capital of Ireland. Dublin is on the east coast of Ireland, at the mouth of the River Liffey and bordered on the south by the Wicklow Mountains.", "code":"DUB"},
  {"city":"Philadelphia",  "country":"USA",     "fileName":"Philadelphia.jpg", "date":"2017-12-12", "description":"", "code":"PHL"},
  {"city":"Portland",      "country":"USA",     "fileName":"Portland.jpg",     "date":"2017-12-19", "description":"", "code":"PDX"},
  {"city":"Frankfurt",     "country":"Germany", "fileName":"Frankfurt.jpg",    "date":"2018-01-18", "description":"", "code":"FRA"},
  {"city":"Edinburgh",     "country":"UK",      "fileName":"Edinburgh.jpg",    "date":"2018-01-25", "description":"", "code":"EDI"},
  {"city":"Phoenix",       "country":"USA",     "fileName":"Phoenix.jpg",      "date":"2018-01-30", "description":"", "code":"PHX"},
  {"city":"Miami",         "country":"USA",     "fileName":"Miami.jpg",        "date":"2018-02-06", "description":"", "code":"MIA"},
  {"city":"New York City", "country":"USA",     "fileName":"Newyorkcity.jpg",  "date":"2018-02-20", "description":"", "code":"JFK"},
  {"city":"San Jose",      "country":"USA",     "fileName":"Sanjose.jpg",      "date":"2018-02-13", "description":"", "code":"SJC"},
  {"city":"Atlanta",       "country":"USA",     "fileName":"Atlanta.jpg",      "date":"2018-02-27", "description":"", "code":"ATL"},
  {"city":"Los Angeles",   "country":"USA",     "fileName":"Losangeles.jpg",   "date":"2018-03-01", "description":"", "code":"LAX"},
  {"city":"Chicago",       "country":"USA",     "fileName":"Chicago.jpg",      "date":"2018-03-15", "description":"", "code":"ORD"},
  {"city":"Pune",          "country":"India",   "fileName":"Pune.jpg",         "date":"2018-03-20", "description":"", "code":"PNQ"},
  {"city":"Boston",        "country":"USA",     "fileName":"Boston.jpg",       "date":"2018-03-22", "description":"", "code":"BOS"},
  {"city":"Denver",        "country":"USA",     "fileName":"Denver.jpg",       "date":"2018-04-11", "description":"", "code":"DEN"},
  {"city":"London",        "country":"UK",      "fileName":"London.jpg",       "date":"2018-05-03", "description":"", "code":"LCY"},
  {"city":"Melbourne",     "country":"Australia", "fileName":"Melbourne.jpg",  "date":"2018-05-15", "description":"", "code":"MEL"},
  {"city":"Sydney",        "country":"Australia", "fileName":"Sydney.jpg",     "date":"2018-05-17", "description":"Sydney is the state capital of New South Wales Located on Australia's east coast. ", "code":"SYD"},
  {"city":"Brisbane",      "country":"Australia", "fileName":"Brisbane.jpg",   "date":"2018-05-22", "description":"", "code":"BNE"},
  {"city":"Auckland",      "country":"New Zealand","fileName":"Auckland.jpg",  "date":"2018-05-24", "description":"Auckland is a city in New Zealand's North Island. Auckland is the largest urban area in the country. ", "code":"AKL"},
  {"city":"Washington DC", "country":"USA",     "fileName":"Washingtondc.jpg", "date":"2018-06-12", "description":"", "code":"IAD"},
  {"city":"Mumbai",        "country":"India",   "fileName":"Mumbai.png",       "date":"2018-06-22", "description":"", "code":"BOM"},
  {"city":"Belfast",       "country":"UK",      "fileName":"Belfast.png",      "date":"2018-06-22", "description":"", "code":"BFS"},
  {"city":"Toronto",       "country":"Canada",  "fileName":"Toronto.jpg",      "date":"2018-06-25", "description":"", "code":"YYZ"},
  {"city":"Munich",        "country":"Germany", "fileName":"Munich.jpg",       "date":"2018-06-28", "description":"", "code":"MUC"},
  {"city":"Lille",         "country":"France",  "fileName":"Lille.jpg",        "date":"2018-07-04", "description":"", "code":"LIL"},
  {"city":"Paris",         "country":"France",  "fileName":"Paris.jpg",        "date":"2018-07-12", "description":"", "code":"CDG"},
  {"city":"San Francisco", "country":"USA",     "fileName":"Sanfrancisco.jpg", "date":"2018-07-25", "description":"", "code":"SFO"},
  {"city":"Seattle",       "country":"USA",     "fileName":"Seattle.jpg",      "date":"2018-08-09", "description":"", "code":"SEA"},
  {"city":"Vancouver",     "country":"Canada",  "fileName":"Vancouver.jpg",    "date":"2018-08-14", "description":"", "code":"YVR"},
  {"city":"Austin",        "country":"USA",     "fileName":"Austin.jpg",       "date":"2018-08-28", "description":"", "code":"AUS"},
  {"city":"Bristol",       "country":"UK",      "fileName":"Bristol.jpg",      "date":"2018-09-11", "description":"", "code":"BRS"},
  {"city":"Vienna",        "country":"Germany", "fileName":"Vienna.jpg",       "date":"2018-09-20", "description":"", "code":"VIE"},
  {"city":"Delhi",         "country":"India",   "fileName":"Delhi.jpg",        "date":"2018-09-21", "description":"", "code":"DEL"},
  {"city":"Montreal",      "country":"Canada",  "fileName":"Montreal.jpg",     "date":"2018-10-04", "description":"", "code":"YUL"},
  {"city":"Tokyo",         "country":"Japan",   "fileName":"Tokyo.jpg",        "date":"2018-10-12", "description":"", "code":"HND"}

 ]
